chr,startpos,endpos
GVMAG-M-3300020187-27.fna|Ga0206130_10000469,1,68212
GVMAG-M-3300020187-27.fna|Ga0206130_10000624,1,57741
GVMAG-M-3300020187-27.fna|Ga0206130_10000580,1,60721
GVMAG-M-3300020187-27.fna|Ga0206130_10000700,1,53616
GVMAG-M-3300020187-27.fna|Ga0206130_10001625,1,32322
GVMAG-M-3300020187-27.fna|Ga0206130_10001407,1,35280
GVMAG-M-3300020187-27.fna|Ga0206130_10001960,1,29431
GVMAG-M-3300020187-27.fna|Ga0206130_10001263,1,37679
GVMAG-M-3300020187-27.fna|Ga0206130_10001599,1,32583
GVMAG-M-3300020187-27.fna|Ga0206130_10001854,1,30382
GVMAG-M-3300020187-27.fna|Ga0206130_10001211,1,38619
GVMAG-M-3300020187-27.fna|Ga0206130_10002628,1,24676
GVMAG-M-3300020187-27.fna|Ga0206130_10002082,1,28375
GVMAG-M-3300020187-27.fna|Ga0206130_10001496,1,34064
GVMAG-M-3300020187-27.fna|Ga0206130_10001484,1,34211
GVMAG-M-3300020187-27.fna|Ga0206130_10001190,1,39007
GVMAG-M-3300020187-27.fna|Ga0206130_10003928,1,18838
GVMAG-M-3300020187-27.fna|Ga0206130_10001698,1,31622
GVMAG-M-3300020187-27.fna|Ga0206130_10004028,1,18483
GVMAG-M-3300020187-27.fna|Ga0206130_10004368,1,17560
GVMAG-M-3300020187-27.fna|Ga0206130_10002314,1,26558
GVMAG-M-3300020187-27.fna|Ga0206130_10005530,1,14886
GVMAG-M-3300020187-27.fna|Ga0206130_10002696,1,24295
GVMAG-M-3300020187-27.fna|Ga0206130_10004785,1,16476
GVMAG-M-3300020187-27.fna|Ga0206130_10007180,1,12435
GVMAG-M-3300020187-27.fna|Ga0206130_10005644,1,14735
GVMAG-M-3300020187-27.fna|Ga0206130_10003642,1,19857
GVMAG-M-3300020187-27.fna|Ga0206130_10006550,1,13285
GVMAG-M-3300020187-27.fna|Ga0206130_10000855,1,47614
GVMAG-M-3300020187-27.fna|Ga0206130_10002476,1,25606
GVMAG-M-3300020187-27.fna|Ga0206130_10008668,1,10840