chr,start,end,value
GVMAG-M-3300020187-27.fna|Ga0206130_10001698,5412,6413,11.59525748
GVMAG-M-3300020187-27.fna|Ga0206130_10001960,8585,11005,11.31571566
GVMAG-M-3300020187-27.fna|Ga0206130_10001698,2767,3516,10.02375435
GVMAG-M-3300020187-27.fna|Ga0206130_10000469,12661,13149,9.847057346
GVMAG-M-3300020187-27.fna|Ga0206130_10001625,25030,25980,9.465566405
GVMAG-M-3300020187-27.fna|Ga0206130_10001190,17632,21303,9.159871337
GVMAG-M-3300020187-27.fna|Ga0206130_10000469,16745,18745,9.154818109
GVMAG-M-3300020187-27.fna|Ga0206130_10001625,19907,20191,8.810571635
GVMAG-M-3300020187-27.fna|Ga0206130_10001625,26065,26706,8.62935662
GVMAG-M-3300020187-27.fna|Ga0206130_10002314,8825,18127,8.46760555
GVMAG-M-3300020187-27.fna|Ga0206130_10001625,24392,24724,8.426264755
GVMAG-M-3300020187-27.fna|Ga0206130_10000700,28003,28503,8.396604781
GVMAG-M-3300020187-27.fna|Ga0206130_10001625,22507,23193,8.103287808
GVMAG-M-3300020187-27.fna|Ga0206130_10003642,6891,9323,8.071462363
GVMAG-M-3300020187-27.fna|Ga0206130_10002314,2103,5177,8.011227255
GVMAG-M-3300020187-27.fna|Ga0206130_10001263,23603,25279,7.977279923
GVMAG-M-3300020187-27.fna|Ga0206130_10001960,4148,4804,7.95419631
GVMAG-M-3300020187-27.fna|Ga0206130_10001263,22961,23524,7.894817763
GVMAG-M-3300020187-27.fna|Ga0206130_10001625,20418,21770,7.864186145
GVMAG-M-3300020187-27.fna|Ga0206130_10000624,2,583,7.781359714
GVMAG-M-3300020187-27.fna|Ga0206130_10002696,15480,20243,7.714245518
GVMAG-M-3300020187-27.fna|Ga0206130_10001484,22861,23970,7.651051691
GVMAG-M-3300020187-27.fna|Ga0206130_10001496,23212,25551,7.584962501
GVMAG-M-3300020187-27.fna|Ga0206130_10000469,47401,52761,7.554588852
GVMAG-M-3300020187-27.fna|Ga0206130_10001407,25291,26433,7.539158811
GVMAG-M-3300020187-27.fna|Ga0206130_10000700,43628,44440,7.321928095
GVMAG-M-3300020187-27.fna|Ga0206130_10001625,29718,30785,7.209453366
GVMAG-M-3300020187-27.fna|Ga0206130_10001496,6908,11578,7.14974712
GVMAG-M-3300020187-27.fna|Ga0206130_10002696,13829,15031,7.14974712
GVMAG-M-3300020187-27.fna|Ga0206130_10003642,2111,6697,7.033423002
GVMAG-M-3300020187-27.fna|Ga0206130_10006550,200,11068,6.95419631
GVMAG-M-3300020187-27.fna|Ga0206130_10001407,13671,17453,6.930737338
GVMAG-M-3300020187-27.fna|Ga0206130_10001190,23917,37341,6.930737338
GVMAG-M-3300020187-27.fna|Ga0206130_10000469,60836,61456,6.918863237
GVMAG-M-3300020187-27.fna|Ga0206130_10001263,21725,22903,6.918863237
GVMAG-M-3300020187-27.fna|Ga0206130_10001960,16768,18318,6.906890596
GVMAG-M-3300020187-27.fna|Ga0206130_10000580,27227,36139,6.894817763
GVMAG-M-3300020187-27.fna|Ga0206130_10001960,12196,13269,6.781359714
GVMAG-M-3300020187-27.fna|Ga0206130_10001854,15956,16426,6.781359714
GVMAG-M-3300020187-27.fna|Ga0206130_10001854,25266,26582,6.768184325
GVMAG-M-3300020187-27.fna|Ga0206130_10000580,20701,21795,6.754887502
GVMAG-M-3300020187-27.fna|Ga0206130_10001211,36141,38618,6.754887502
GVMAG-M-3300020187-27.fna|Ga0206130_10002628,22295,22603,6.714245518
GVMAG-M-3300020187-27.fna|Ga0206130_10001407,1580,2698,6.700439718
GVMAG-M-3300020187-27.fna|Ga0206130_10001263,13534,14580,6.686500527
GVMAG-M-3300020187-27.fna|Ga0206130_10001496,5845,6852,6.686500527
GVMAG-M-3300020187-27.fna|Ga0206130_10000624,36583,37269,6.658211483
GVMAG-M-3300020187-27.fna|Ga0206130_10000624,54708,57740,6.64385619
GVMAG-M-3300020187-27.fna|Ga0206130_10000624,4445,4945,6.614709844
GVMAG-M-3300020187-27.fna|Ga0206130_10000700,45719,46114,6.614709844
GVMAG-M-3300020187-27.fna|Ga0206130_10000624,22406,25369,6.539158811
GVMAG-M-3300020187-27.fna|Ga0206130_10001407,753,1490,6.539158811
GVMAG-M-3300020187-27.fna|Ga0206130_10005644,3858,4460,6.539158811
GVMAG-M-3300020187-27.fna|Ga0206130_10001211,18433,19272,6.491853096
GVMAG-M-3300020187-27.fna|Ga0206130_10001263,15553,16755,6.475733431
GVMAG-M-3300020187-27.fna|Ga0206130_10000580,14382,18701,6.459431619
GVMAG-M-3300020187-27.fna|Ga0206130_10001854,19039,19803,6.459431619
GVMAG-M-3300020187-27.fna|Ga0206130_10004028,13257,13730,6.426264755
GVMAG-M-3300020187-27.fna|Ga0206130_10004785,8244,11639,6.426264755
GVMAG-M-3300020187-27.fna|Ga0206130_10002314,58,1035,6.392317423
GVMAG-M-3300020187-27.fna|Ga0206130_10000700,896,3835,6.375039431
GVMAG-M-3300020187-27.fna|Ga0206130_10001263,14736,15467,6.375039431
GVMAG-M-3300020187-27.fna|Ga0206130_10000624,29650,30507,6.321928095
GVMAG-M-3300020187-27.fna|Ga0206130_10001625,24057,24359,6.321928095
GVMAG-M-3300020187-27.fna|Ga0206130_10001625,7795,9912,6.303780748
GVMAG-M-3300020187-27.fna|Ga0206130_10001407,2728,3126,6.303780748
GVMAG-M-3300020187-27.fna|Ga0206130_10001263,25356,26123,6.303780748
GVMAG-M-3300020187-27.fna|Ga0206130_10001496,22533,23129,6.285402219
GVMAG-M-3300020187-27.fna|Ga0206130_10000580,19472,19840,6.266786541
GVMAG-M-3300020187-27.fna|Ga0206130_10001625,28757,29611,6.266786541
GVMAG-M-3300020187-27.fna|Ga0206130_10001496,11646,14228,6.266786541
GVMAG-M-3300020187-27.fna|Ga0206130_10001698,17199,18917,6.266786541
GVMAG-M-3300020187-27.fna|Ga0206130_10001625,4494,5063,6.247927513
GVMAG-M-3300020187-27.fna|Ga0206130_10000624,41791,43869,6.22881869
GVMAG-M-3300020187-27.fna|Ga0206130_10001625,12619,13740,6.22881869
GVMAG-M-3300020187-27.fna|Ga0206130_10001496,16838,19129,6.22881869
GVMAG-M-3300020187-27.fna|Ga0206130_10001190,3805,4653,6.169925001
GVMAG-M-3300020187-27.fna|Ga0206130_10000580,41588,42283,6.14974712
GVMAG-M-3300020187-27.fna|Ga0206130_10001211,27603,34394,6.14974712
GVMAG-M-3300020187-27.fna|Ga0206130_10001407,19669,20067,6.129283017
GVMAG-M-3300020187-27.fna|Ga0206130_10001263,18725,20992,6.129283017
GVMAG-M-3300020187-27.fna|Ga0206130_10005530,9254,10405,6.12287975
GVMAG-M-3300020187-27.fna|Ga0206130_10001625,186,470,6.108524457
GVMAG-M-3300020187-27.fna|Ga0206130_10005644,13361,14410,6.108524457
GVMAG-M-3300020187-27.fna|Ga0206130_10000624,46534,47193,6.087462841
GVMAG-M-3300020187-27.fna|Ga0206130_10000469,15781,16215,6.022367813
GVMAG-M-3300020187-27.fna|Ga0206130_10002082,26260,28374,6.022367813
GVMAG-M-3300020187-27.fna|Ga0206130_10000580,36301,38145,6
GVMAG-M-3300020187-27.fna|Ga0206130_10001484,10895,18826,6
GVMAG-M-3300020187-27.fna|Ga0206130_10004368,14766,15365,6
GVMAG-M-3300020187-27.fna|Ga0206130_10000469,35680,35838,5.977279923
GVMAG-M-3300020187-27.fna|Ga0206130_10002628,9855,11369,5.977279923
GVMAG-M-3300020187-27.fna|Ga0206130_10001484,20174,21676,5.977279923
GVMAG-M-3300020187-27.fna|Ga0206130_10000624,940,2115,5.95419631
GVMAG-M-3300020187-27.fna|Ga0206130_10003928,2,130,5.95419631
GVMAG-M-3300020187-27.fna|Ga0206130_10000580,40869,41519,5.930737338
GVMAG-M-3300020187-27.fna|Ga0206130_10001407,28468,30363,5.930737338
GVMAG-M-3300020187-27.fna|Ga0206130_10001496,3676,5727,5.906890596
GVMAG-M-3300020187-27.fna|Ga0206130_10000624,637,825,5.882643049
GVMAG-M-3300020187-27.fna|Ga0206130_10001625,7224,7739,5.882643049
GVMAG-M-3300020187-27.fna|Ga0206130_10001960,15980,16717,5.882643049
GVMAG-M-3300020187-27.fna|Ga0206130_10001625,19000,19662,5.857980995
GVMAG-M-3300020187-27.fna|Ga0206130_10001625,28327,28638,5.857980995
GVMAG-M-3300020187-27.fna|Ga0206130_10001960,18299,19000,5.832890014
GVMAG-M-3300020187-27.fna|Ga0206130_10000700,16191,17393,5.807354922
GVMAG-M-3300020187-27.fna|Ga0206130_10000700,6393,10259,5.781359714
GVMAG-M-3300020187-27.fna|Ga0206130_10000700,39898,42966,5.754887502
GVMAG-M-3300020187-27.fna|Ga0206130_10001484,18933,20165,5.754887502
GVMAG-M-3300020187-27.fna|Ga0206130_10004028,15123,16856,5.754887502
GVMAG-M-3300020187-27.fna|Ga0206130_10000469,30572,33544,5.727920455
GVMAG-M-3300020187-27.fna|Ga0206130_10002628,21145,21888,5.727920455
GVMAG-M-3300020187-27.fna|Ga0206130_10000469,44792,45739,5.672425342
GVMAG-M-3300020187-27.fna|Ga0206130_10001854,20644,21618,5.672425342
GVMAG-M-3300020187-27.fna|Ga0206130_10000700,15552,16139,5.64385619
GVMAG-M-3300020187-27.fna|Ga0206130_10001625,5177,6214,5.64385619
GVMAG-M-3300020187-27.fna|Ga0206130_10001211,22863,23930,5.64385619
GVMAG-M-3300020187-27.fna|Ga0206130_10000700,44527,45705,5.614709844
GVMAG-M-3300020187-27.fna|Ga0206130_10002314,8158,8766,5.584962501
GVMAG-M-3300020187-27.fna|Ga0206130_10000624,30548,31387,5.554588852
GVMAG-M-3300020187-27.fna|Ga0206130_10000580,56671,59100,5.554588852
GVMAG-M-3300020187-27.fna|Ga0206130_10001407,17474,18328,5.554588852
GVMAG-M-3300020187-27.fna|Ga0206130_10001960,592,1422,5.554588852
GVMAG-M-3300020187-27.fna|Ga0206130_10004028,17964,18275,5.554588852
GVMAG-M-3300020187-27.fna|Ga0206130_10000580,23455,24519,5.523561956
GVMAG-M-3300020187-27.fna|Ga0206130_10000580,24560,25624,5.523561956
GVMAG-M-3300020187-27.fna|Ga0206130_10007180,9733,10119,5.523561956
GVMAG-M-3300020187-27.fna|Ga0206130_10000624,12301,13356,5.477677328
GVMAG-M-3300020187-27.fna|Ga0206130_10004028,12519,13094,5.459431619
GVMAG-M-3300020187-27.fna|Ga0206130_10005644,4505,5965,5.459431619
GVMAG-M-3300020187-27.fna|Ga0206130_10001625,18369,18941,5.426264755
GVMAG-M-3300020187-27.fna|Ga0206130_10001407,23072,23827,5.426264755
GVMAG-M-3300020187-27.fna|Ga0206130_10001407,24876,25286,5.426264755
GVMAG-M-3300020187-27.fna|Ga0206130_10001484,3072,4874,5.426264755
GVMAG-M-3300020187-27.fna|Ga0206130_10007180,2914,4422,5.426264755
GVMAG-M-3300020187-27.fna|Ga0206130_10000469,64625,65962,5.392317423
GVMAG-M-3300020187-27.fna|Ga0206130_10000469,66732,67613,5.392317423
GVMAG-M-3300020187-27.fna|Ga0206130_10000624,33285,33854,5.392317423
GVMAG-M-3300020187-27.fna|Ga0206130_10000580,59107,60510,5.392317423
GVMAG-M-3300020187-27.fna|Ga0206130_10001960,2387,3802,5.392317423
GVMAG-M-3300020187-27.fna|Ga0206130_10003928,13502,13840,5.392317423
GVMAG-M-3300020187-27.fna|Ga0206130_10004785,11780,12307,5.392317423
GVMAG-M-3300020187-27.fna|Ga0206130_10000469,10504,11421,5.357552005
GVMAG-M-3300020187-27.fna|Ga0206130_10003928,15554,18013,5.357552005
GVMAG-M-3300020187-27.fna|Ga0206130_10005644,7169,9142,5.357552005
GVMAG-M-3300020187-27.fna|Ga0206130_10001211,24045,25970,5.321928095
GVMAG-M-3300020187-27.fna|Ga0206130_10000469,2045,3130,5.285402219
GVMAG-M-3300020187-27.fna|Ga0206130_10001496,15714,16382,5.285402219
GVMAG-M-3300020187-27.fna|Ga0206130_10003928,2457,2954,5.285402219
GVMAG-M-3300020187-27.fna|Ga0206130_10000700,11036,12838,5.247927513
GVMAG-M-3300020187-27.fna|Ga0206130_10001211,9261,9842,5.247927513
GVMAG-M-3300020187-27.fna|Ga0206130_10002082,5243,6649,5.247927513
GVMAG-M-3300020187-27.fna|Ga0206130_10003928,13880,14422,5.247927513
GVMAG-M-3300020187-27.fna|Ga0206130_10007180,7613,9691,5.247927513
GVMAG-M-3300020187-27.fna|Ga0206130_10005530,691,1587,5.209453366
GVMAG-M-3300020187-27.fna|Ga0206130_10001407,4416,4721,5.169925001
GVMAG-M-3300020187-27.fna|Ga0206130_10000469,3158,4525,5.129283017
GVMAG-M-3300020187-27.fna|Ga0206130_10000700,18470,19669,5.129283017
GVMAG-M-3300020187-27.fna|Ga0206130_10000700,30790,33072,5.129283017
GVMAG-M-3300020187-27.fna|Ga0206130_10001698,1541,2626,5.129283017
GVMAG-M-3300020187-27.fna|Ga0206130_10004028,9188,10435,5.129283017
GVMAG-M-3300020187-27.fna|Ga0206130_10005530,2021,3052,5.129283017
GVMAG-M-3300020187-27.fna|Ga0206130_10004785,12362,14140,5.087462841
GVMAG-M-3300020187-27.fna|Ga0206130_10000469,9885,10409,5.044394119
GVMAG-M-3300020187-27.fna|Ga0206130_10000469,57599,58159,5.044394119
GVMAG-M-3300020187-27.fna|Ga0206130_10000624,26196,26810,5.044394119
GVMAG-M-3300020187-27.fna|Ga0206130_10000580,20159,20674,5.044394119
GVMAG-M-3300020187-27.fna|Ga0206130_10001854,16423,16749,5.044394119
GVMAG-M-3300020187-27.fna|Ga0206130_10001496,31363,32133,5.044394119
GVMAG-M-3300020187-27.fna|Ga0206130_10001484,32812,34209,5.031659854
GVMAG-M-3300020187-27.fna|Ga0206130_10001625,21860,22387,5
GVMAG-M-3300020187-27.fna|Ga0206130_10001698,10250,15640,5
GVMAG-M-3300020187-27.fna|Ga0206130_10000469,56731,57534,4.95419631
GVMAG-M-3300020187-27.fna|Ga0206130_10000700,21741,22076,4.95419631
GVMAG-M-3300020187-27.fna|Ga0206130_10000700,29805,30686,4.95419631
GVMAG-M-3300020187-27.fna|Ga0206130_10001407,21233,22375,4.95419631
GVMAG-M-3300020187-27.fna|Ga0206130_10001190,21319,21909,4.95419631
GVMAG-M-3300020187-27.fna|Ga0206130_10003928,14493,15407,4.95419631
GVMAG-M-3300020187-27.fna|Ga0206130_10004368,2405,2881,4.95419631
GVMAG-M-3300020187-27.fna|Ga0206130_10005530,7965,9251,4.95419631
GVMAG-M-3300020187-27.fna|Ga0206130_10002696,3516,3956,4.95419631
GVMAG-M-3300020187-27.fna|Ga0206130_10002696,20274,21542,4.95419631
GVMAG-M-3300020187-27.fna|Ga0206130_10001698,28789,30138,4.905928478
GVMAG-M-3300020187-27.fna|Ga0206130_10002628,13873,15426,4.857980995
GVMAG-M-3300020187-27.fna|Ga0206130_10001190,10663,11649,4.857980995
GVMAG-M-3300020187-27.fna|Ga0206130_10001698,6666,7439,4.857980995
GVMAG-M-3300020187-27.fna|Ga0206130_10002314,1136,1732,4.857980995
GVMAG-M-3300020187-27.fna|Ga0206130_10000469,58196,59434,4.807354922
GVMAG-M-3300020187-27.fna|Ga0206130_10000624,48658,49713,4.807354922
GVMAG-M-3300020187-27.fna|Ga0206130_10000580,46408,48105,4.807354922
GVMAG-M-3300020187-27.fna|Ga0206130_10000700,33731,36553,4.807354922
GVMAG-M-3300020187-27.fna|Ga0206130_10001407,4943,6013,4.807354922
GVMAG-M-3300020187-27.fna|Ga0206130_10001407,6261,7160,4.807354922
GVMAG-M-3300020187-27.fna|Ga0206130_10001407,9648,10514,4.807354922
GVMAG-M-3300020187-27.fna|Ga0206130_10001496,32171,32623,4.807354922
GVMAG-M-3300020187-27.fna|Ga0206130_10005530,3216,4706,4.807354922
GVMAG-M-3300020187-27.fna|Ga0206130_10002696,7072,11475,4.807354922
GVMAG-M-3300020187-27.fna|Ga0206130_10000469,61584,63278,4.754887502
GVMAG-M-3300020187-27.fna|Ga0206130_10000624,44751,46466,4.754887502
GVMAG-M-3300020187-27.fna|Ga0206130_10001625,27447,28220,4.754887502
GVMAG-M-3300020187-27.fna|Ga0206130_10001263,34188,34664,4.754887502
GVMAG-M-3300020187-27.fna|Ga0206130_10002628,6316,6888,4.754887502
GVMAG-M-3300020187-27.fna|Ga0206130_10001698,3901,5070,4.754887502
GVMAG-M-3300020187-27.fna|Ga0206130_10001625,9998,10825,4.700439718
GVMAG-M-3300020187-27.fna|Ga0206130_10001625,13806,14849,4.700439718
GVMAG-M-3300020187-27.fna|Ga0206130_10001407,20191,21228,4.700439718
GVMAG-M-3300020187-27.fna|Ga0206130_10001190,3033,3794,4.700439718
GVMAG-M-3300020187-27.fna|Ga0206130_10001190,7199,8308,4.700439718
GVMAG-M-3300020187-27.fna|Ga0206130_10005644,12024,13265,4.700439718
GVMAG-M-3300020187-27.fna|Ga0206130_10001211,25992,27536,4.64385619
GVMAG-M-3300020187-27.fna|Ga0206130_10001698,21059,22900,4.64385619
GVMAG-M-3300020187-27.fna|Ga0206130_10004368,11808,13109,4.64385619
GVMAG-M-3300020187-27.fna|Ga0206130_10002696,12968,13789,4.64385619
GVMAG-M-3300020187-27.fna|Ga0206130_10003642,3,2114,4.64385619
GVMAG-M-3300020187-27.fna|Ga0206130_10000700,28601,29767,4.584962501
GVMAG-M-3300020187-27.fna|Ga0206130_10000700,42963,43580,4.584962501
GVMAG-M-3300020187-27.fna|Ga0206130_10002082,1651,2754,4.584962501
GVMAG-M-3300020187-27.fna|Ga0206130_10004368,1041,2360,4.584962501
GVMAG-M-3300020187-27.fna|Ga0206130_10002314,18881,19234,4.584962501
GVMAG-M-3300020187-27.fna|Ga0206130_10000624,3636,4385,4.523561956
GVMAG-M-3300020187-27.fna|Ga0206130_10000624,5206,8040,4.523561956
GVMAG-M-3300020187-27.fna|Ga0206130_10001854,4959,5546,4.523561956
GVMAG-M-3300020187-27.fna|Ga0206130_10002628,3438,3890,4.523561956
GVMAG-M-3300020187-27.fna|Ga0206130_10001698,23508,24659,4.523561956
GVMAG-M-3300020187-27.fna|Ga0206130_10004368,2916,3638,4.523561956
GVMAG-M-3300020187-27.fna|Ga0206130_10004785,2747,4018,4.523561956
GVMAG-M-3300020187-27.fna|Ga0206130_10001960,1,246,4.478324711
GVMAG-M-3300020187-27.fna|Ga0206130_10000469,19918,21003,4.459431619
GVMAG-M-3300020187-27.fna|Ga0206130_10001625,31393,32244,4.459431619
GVMAG-M-3300020187-27.fna|Ga0206130_10001854,16774,18006,4.459431619
GVMAG-M-3300020187-27.fna|Ga0206130_10002628,12309,13730,4.459431619
GVMAG-M-3300020187-27.fna|Ga0206130_10000469,7511,8437,4.392317423
GVMAG-M-3300020187-27.fna|Ga0206130_10000469,54152,54781,4.392317423
GVMAG-M-3300020187-27.fna|Ga0206130_10000580,2732,3595,4.392317423
GVMAG-M-3300020187-27.fna|Ga0206130_10001960,26274,27662,4.392317423
GVMAG-M-3300020187-27.fna|Ga0206130_10001263,21030,21644,4.392317423
GVMAG-M-3300020187-27.fna|Ga0206130_10001854,18056,18874,4.392317423
GVMAG-M-3300020187-27.fna|Ga0206130_10001854,19828,20607,4.392317423
GVMAG-M-3300020187-27.fna|Ga0206130_10002082,22402,23559,4.392317423
GVMAG-M-3300020187-27.fna|Ga0206130_10002082,24435,25511,4.392317423
GVMAG-M-3300020187-27.fna|Ga0206130_10001484,31995,32678,4.392317423
GVMAG-M-3300020187-27.fna|Ga0206130_10004028,460,2805,4.392317423
GVMAG-M-3300020187-27.fna|Ga0206130_10000469,8528,9742,4.321928095
GVMAG-M-3300020187-27.fna|Ga0206130_10000469,42490,43281,4.321928095
GVMAG-M-3300020187-27.fna|Ga0206130_10000469,60147,60632,4.321928095
GVMAG-M-3300020187-27.fna|Ga0206130_10000624,44225,44641,4.321928095
GVMAG-M-3300020187-27.fna|Ga0206130_10000624,47633,48610,4.321928095
GVMAG-M-3300020187-27.fna|Ga0206130_10000700,22136,23467,4.321928095
GVMAG-M-3300020187-27.fna|Ga0206130_10001211,19359,19958,4.321928095
GVMAG-M-3300020187-27.fna|Ga0206130_10002082,19120,20661,4.321928095
GVMAG-M-3300020187-27.fna|Ga0206130_10003928,5145,6257,4.321928095
GVMAG-M-3300020187-27.fna|Ga0206130_10005644,2687,3871,4.321928095
GVMAG-M-3300020187-27.fna|Ga0206130_10000469,37709,38392,4.247927513
GVMAG-M-3300020187-27.fna|Ga0206130_10000624,36019,36540,4.247927513
GVMAG-M-3300020187-27.fna|Ga0206130_10001854,23738,25213,4.247927513
GVMAG-M-3300020187-27.fna|Ga0206130_10002696,6367,7032,4.247927513
GVMAG-M-3300020187-27.fna|Ga0206130_10000624,26880,27221,4.169925001
GVMAG-M-3300020187-27.fna|Ga0206130_10000580,42841,44733,4.169925001
GVMAG-M-3300020187-27.fna|Ga0206130_10001625,6209,6652,4.169925001
GVMAG-M-3300020187-27.fna|Ga0206130_10001960,1461,2330,4.169925001
GVMAG-M-3300020187-27.fna|Ga0206130_10001960,20942,21583,4.169925001
GVMAG-M-3300020187-27.fna|Ga0206130_10001854,14096,15835,4.169925001
GVMAG-M-3300020187-27.fna|Ga0206130_10001211,1498,2130,4.169925001
GVMAG-M-3300020187-27.fna|Ga0206130_10001484,21804,22364,4.169925001
GVMAG-M-3300020187-27.fna|Ga0206130_10000580,7273,8205,4.087462841
GVMAG-M-3300020187-27.fna|Ga0206130_10000700,23979,25238,4.087462841
GVMAG-M-3300020187-27.fna|Ga0206130_10000700,37789,39768,4.087462841
GVMAG-M-3300020187-27.fna|Ga0206130_10001625,1014,1364,4.087462841
GVMAG-M-3300020187-27.fna|Ga0206130_10001263,16809,17321,4.087462841
GVMAG-M-3300020187-27.fna|Ga0206130_10001263,29438,30163,4.087462841
GVMAG-M-3300020187-27.fna|Ga0206130_10002628,5718,6275,4.087462841
GVMAG-M-3300020187-27.fna|Ga0206130_10002082,9315,10316,4.087462841
GVMAG-M-3300020187-27.fna|Ga0206130_10007180,4460,4822,4.087462841
GVMAG-M-3300020187-27.fna|Ga0206130_10007180,4871,5332,4.087462841
GVMAG-M-3300020187-27.fna|Ga0206130_10005644,10056,12035,4.087462841
GVMAG-M-3300020187-27.fna|Ga0206130_10004028,6249,7760,4.069530325
GVMAG-M-3300020187-27.fna|Ga0206130_10002314,23572,25176,4.04701482
GVMAG-M-3300020187-27.fna|Ga0206130_10000624,31516,33177,4
GVMAG-M-3300020187-27.fna|Ga0206130_10001960,27740,28945,4
GVMAG-M-3300020187-27.fna|Ga0206130_10001854,1438,2172,4
GVMAG-M-3300020187-27.fna|Ga0206130_10001854,28844,30001,4
GVMAG-M-3300020187-27.fna|Ga0206130_10002628,11826,12230,4
GVMAG-M-3300020187-27.fna|Ga0206130_10001484,327,2747,4
GVMAG-M-3300020187-27.fna|Ga0206130_10003928,1525,2220,4
GVMAG-M-3300020187-27.fna|Ga0206130_10004028,13867,15072,4
GVMAG-M-3300020187-27.fna|Ga0206130_10002314,25202,26326,4
GVMAG-M-3300020187-27.fna|Ga0206130_10004785,1488,2138,4
GVMAG-M-3300020187-27.fna|Ga0206130_10004785,5152,7911,4
GVMAG-M-3300020187-27.fna|Ga0206130_10005644,54,353,4
GVMAG-M-3300020187-27.fna|Ga0206130_10001190,9639,10673,3.928844037
GVMAG-M-3300020187-27.fna|Ga0206130_10000469,11492,12589,3.906890596
GVMAG-M-3300020187-27.fna|Ga0206130_10000469,26206,27321,3.906890596
GVMAG-M-3300020187-27.fna|Ga0206130_10000624,33894,34490,3.906890596
GVMAG-M-3300020187-27.fna|Ga0206130_10000700,49901,50065,3.906890596
GVMAG-M-3300020187-27.fna|Ga0206130_10001625,23265,23519,3.906890596
GVMAG-M-3300020187-27.fna|Ga0206130_10001960,20216,20830,3.906890596
GVMAG-M-3300020187-27.fna|Ga0206130_10001263,30449,33250,3.906890596
GVMAG-M-3300020187-27.fna|Ga0206130_10002628,5468,5728,3.906890596
GVMAG-M-3300020187-27.fna|Ga0206130_10002628,7296,7949,3.906890596
GVMAG-M-3300020187-27.fna|Ga0206130_10002082,10480,11517,3.906890596
GVMAG-M-3300020187-27.fna|Ga0206130_10001484,30849,31904,3.906890596
GVMAG-M-3300020187-27.fna|Ga0206130_10001190,11872,14079,3.906890596
GVMAG-M-3300020187-27.fna|Ga0206130_10004028,2953,4047,3.906890596
GVMAG-M-3300020187-27.fna|Ga0206130_10005530,10806,12740,3.906890596
GVMAG-M-3300020187-27.fna|Ga0206130_10004785,4043,4549,3.906890596
GVMAG-M-3300020187-27.fna|Ga0206130_10004785,14177,14458,3.906890596
GVMAG-M-3300020187-27.fna|Ga0206130_10000469,63302,64414,3.807354922
GVMAG-M-3300020187-27.fna|Ga0206130_10000624,34610,35521,3.807354922
GVMAG-M-3300020187-27.fna|Ga0206130_10000624,39555,40886,3.807354922
GVMAG-M-3300020187-27.fna|Ga0206130_10000700,164,841,3.807354922
GVMAG-M-3300020187-27.fna|Ga0206130_10001960,314,577,3.807354922
GVMAG-M-3300020187-27.fna|Ga0206130_10001698,3520,3849,3.807354922
GVMAG-M-3300020187-27.fna|Ga0206130_10004368,16340,17452,3.807354922
GVMAG-M-3300020187-27.fna|Ga0206130_10005530,5024,6238,3.807354922
GVMAG-M-3300020187-27.fna|Ga0206130_10007180,10366,11217,3.807354922
GVMAG-M-3300020187-27.fna|Ga0206130_10005644,6062,7117,3.807354922
GVMAG-M-3300020187-27.fna|Ga0206130_10000469,44146,44706,3.700439718
GVMAG-M-3300020187-27.fna|Ga0206130_10000624,18098,19618,3.700439718
GVMAG-M-3300020187-27.fna|Ga0206130_10000700,36615,37733,3.700439718
GVMAG-M-3300020187-27.fna|Ga0206130_10001625,11573,12394,3.700439718
GVMAG-M-3300020187-27.fna|Ga0206130_10001960,7027,8490,3.700439718
GVMAG-M-3300020187-27.fna|Ga0206130_10001960,14742,15941,3.700439718
GVMAG-M-3300020187-27.fna|Ga0206130_10001960,23100,24155,3.700439718
GVMAG-M-3300020187-27.fna|Ga0206130_10001211,11816,15841,3.700439718
GVMAG-M-3300020187-27.fna|Ga0206130_10001211,21562,22659,3.700439718
GVMAG-M-3300020187-27.fna|Ga0206130_10002628,15478,17139,3.700439718
GVMAG-M-3300020187-27.fna|Ga0206130_10001496,32694,34064,3.700439718
GVMAG-M-3300020187-27.fna|Ga0206130_10001484,4895,5416,3.700439718
GVMAG-M-3300020187-27.fna|Ga0206130_10001484,6113,7372,3.700439718
GVMAG-M-3300020187-27.fna|Ga0206130_10001484,22418,22804,3.700439718
GVMAG-M-3300020187-27.fna|Ga0206130_10001484,24839,25486,3.700439718
GVMAG-M-3300020187-27.fna|Ga0206130_10001190,1858,2871,3.700439718
GVMAG-M-3300020187-27.fna|Ga0206130_10003928,12265,13086,3.700439718
GVMAG-M-3300020187-27.fna|Ga0206130_10002314,5824,7107,3.700439718
GVMAG-M-3300020187-27.fna|Ga0206130_10002314,7242,7808,3.700439718
GVMAG-M-3300020187-27.fna|Ga0206130_10002314,18184,18552,3.700439718
GVMAG-M-3300020187-27.fna|Ga0206130_10002696,4078,4707,3.700439718
GVMAG-M-3300020187-27.fna|Ga0206130_10006550,11160,12542,3.700439718
GVMAG-M-3300020187-27.fna|Ga0206130_10001263,35594,36664,3.64731451
GVMAG-M-3300020187-27.fna|Ga0206130_10000580,8919,10820,3.584962501
GVMAG-M-3300020187-27.fna|Ga0206130_10000580,18851,19444,3.584962501
GVMAG-M-3300020187-27.fna|Ga0206130_10000580,42289,42738,3.584962501
GVMAG-M-3300020187-27.fna|Ga0206130_10000580,48902,50506,3.584962501
GVMAG-M-3300020187-27.fna|Ga0206130_10000700,4227,6143,3.584962501
GVMAG-M-3300020187-27.fna|Ga0206130_10000700,13769,14797,3.584962501
GVMAG-M-3300020187-27.fna|Ga0206130_10001407,11858,13189,3.584962501
GVMAG-M-3300020187-27.fna|Ga0206130_10001960,11120,11356,3.584962501
GVMAG-M-3300020187-27.fna|Ga0206130_10001960,22115,23059,3.584962501
GVMAG-M-3300020187-27.fna|Ga0206130_10001263,253,1326,3.584962501
GVMAG-M-3300020187-27.fna|Ga0206130_10001263,17340,17741,3.584962501
GVMAG-M-3300020187-27.fna|Ga0206130_10002628,11448,11762,3.584962501
GVMAG-M-3300020187-27.fna|Ga0206130_10001496,766,1359,3.584962501
GVMAG-M-3300020187-27.fna|Ga0206130_10001190,16814,17515,3.584962501
GVMAG-M-3300020187-27.fna|Ga0206130_10004028,10538,11077,3.584962501
GVMAG-M-3300020187-27.fna|Ga0206130_10004785,19,621,3.584962501
GVMAG-M-3300020187-27.fna|Ga0206130_10003642,9406,10119,3.584962501
GVMAG-M-3300020187-27.fna|Ga0206130_10001698,30241,31602,3.462052319
GVMAG-M-3300020187-27.fna|Ga0206130_10000469,5037,7241,3.459431619
GVMAG-M-3300020187-27.fna|Ga0206130_10000469,33592,34977,3.459431619
GVMAG-M-3300020187-27.fna|Ga0206130_10000469,52892,54091,3.459431619
GVMAG-M-3300020187-27.fna|Ga0206130_10000624,9925,10794,3.459431619
GVMAG-M-3300020187-27.fna|Ga0206130_10000624,10841,11269,3.459431619
GVMAG-M-3300020187-27.fna|Ga0206130_10000580,39261,39899,3.459431619
GVMAG-M-3300020187-27.fna|Ga0206130_10000700,33069,33677,3.459431619
GVMAG-M-3300020187-27.fna|Ga0206130_10000700,46163,47284,3.459431619
GVMAG-M-3300020187-27.fna|Ga0206130_10001407,3780,4112,3.459431619
GVMAG-M-3300020187-27.fna|Ga0206130_10001407,22463,22969,3.459431619
GVMAG-M-3300020187-27.fna|Ga0206130_10001960,24218,24982,3.459431619
GVMAG-M-3300020187-27.fna|Ga0206130_10001960,25789,26217,3.459431619
GVMAG-M-3300020187-27.fna|Ga0206130_10001854,13594,14049,3.459431619
GVMAG-M-3300020187-27.fna|Ga0206130_10001211,2,1393,3.459431619
GVMAG-M-3300020187-27.fna|Ga0206130_10002082,13148,14989,3.459431619
GVMAG-M-3300020187-27.fna|Ga0206130_10002082,18061,19110,3.459431619
GVMAG-M-3300020187-27.fna|Ga0206130_10001496,16472,16831,3.459431619
GVMAG-M-3300020187-27.fna|Ga0206130_10001496,19214,19924,3.459431619
GVMAG-M-3300020187-27.fna|Ga0206130_10001190,8305,9300,3.459431619
GVMAG-M-3300020187-27.fna|Ga0206130_10004028,11260,11991,3.459431619
GVMAG-M-3300020187-27.fna|Ga0206130_10002696,4687,5955,3.459431619
GVMAG-M-3300020187-27.fna|Ga0206130_10000469,13931,14680,3.321928095
GVMAG-M-3300020187-27.fna|Ga0206130_10000469,35937,36662,3.321928095
GVMAG-M-3300020187-27.fna|Ga0206130_10000469,40944,42419,3.321928095
GVMAG-M-3300020187-27.fna|Ga0206130_10000624,2404,3624,3.321928095
GVMAG-M-3300020187-27.fna|Ga0206130_10000580,8277,8915,3.321928095
GVMAG-M-3300020187-27.fna|Ga0206130_10000580,56112,56459,3.321928095
GVMAG-M-3300020187-27.fna|Ga0206130_10001407,4151,4426,3.321928095
GVMAG-M-3300020187-27.fna|Ga0206130_10001407,26602,27474,3.321928095
GVMAG-M-3300020187-27.fna|Ga0206130_10001960,11785,12015,3.321928095
GVMAG-M-3300020187-27.fna|Ga0206130_10001854,26697,27311,3.321928095
GVMAG-M-3300020187-27.fna|Ga0206130_10001211,22704,22832,3.321928095
GVMAG-M-3300020187-27.fna|Ga0206130_10003928,8781,9620,3.321928095
GVMAG-M-3300020187-27.fna|Ga0206130_10001698,27385,28722,3.321928095
GVMAG-M-3300020187-27.fna|Ga0206130_10004028,4661,4864,3.321928095
GVMAG-M-3300020187-27.fna|Ga0206130_10002696,3,2309,3.321928095
GVMAG-M-3300020187-27.fna|Ga0206130_10000469,54863,55972,3.169925001
GVMAG-M-3300020187-27.fna|Ga0206130_10000624,9309,9923,3.169925001
GVMAG-M-3300020187-27.fna|Ga0206130_10000624,52834,53508,3.169925001
GVMAG-M-3300020187-27.fna|Ga0206130_10000700,10289,10921,3.169925001
GVMAG-M-3300020187-27.fna|Ga0206130_10000700,25316,27244,3.169925001
GVMAG-M-3300020187-27.fna|Ga0206130_10001854,13286,13579,3.169925001
GVMAG-M-3300020187-27.fna|Ga0206130_10002082,16653,17072,3.169925001
GVMAG-M-3300020187-27.fna|Ga0206130_10001190,22329,22868,3.169925001
GVMAG-M-3300020187-27.fna|Ga0206130_10004028,4182,4658,3.169925001
GVMAG-M-3300020187-27.fna|Ga0206130_10004368,9358,10554,3.169925001
GVMAG-M-3300020187-27.fna|Ga0206130_10002314,1880,2002,3.169925001
GVMAG-M-3300020187-27.fna|Ga0206130_10002314,19336,20304,3.169925001
GVMAG-M-3300020187-27.fna|Ga0206130_10004785,4536,5081,3.169925001
GVMAG-M-3300020187-27.fna|Ga0206130_10000469,1591,2004,3
GVMAG-M-3300020187-27.fna|Ga0206130_10000469,29277,30554,3
GVMAG-M-3300020187-27.fna|Ga0206130_10000624,19582,20124,3
GVMAG-M-3300020187-27.fna|Ga0206130_10000624,38190,39161,3
GVMAG-M-3300020187-27.fna|Ga0206130_10000700,20250,21296,3
GVMAG-M-3300020187-27.fna|Ga0206130_10001407,91,723,3
GVMAG-M-3300020187-27.fna|Ga0206130_10001407,24343,24696,3
GVMAG-M-3300020187-27.fna|Ga0206130_10001960,14082,14654,3
GVMAG-M-3300020187-27.fna|Ga0206130_10001263,27438,29159,3
GVMAG-M-3300020187-27.fna|Ga0206130_10001263,33583,34110,3
GVMAG-M-3300020187-27.fna|Ga0206130_10001854,2202,3053,3
GVMAG-M-3300020187-27.fna|Ga0206130_10001854,22830,23687,3
GVMAG-M-3300020187-27.fna|Ga0206130_10001211,18000,18413,3
GVMAG-M-3300020187-27.fna|Ga0206130_10002628,4985,5401,3
GVMAG-M-3300020187-27.fna|Ga0206130_10002628,19098,20177,3
GVMAG-M-3300020187-27.fna|Ga0206130_10002082,4430,4798,3
GVMAG-M-3300020187-27.fna|Ga0206130_10002082,21165,22001,3
GVMAG-M-3300020187-27.fna|Ga0206130_10002082,23803,24336,3
GVMAG-M-3300020187-27.fna|Ga0206130_10001496,2849,3637,3
GVMAG-M-3300020187-27.fna|Ga0206130_10001190,5900,7141,3
GVMAG-M-3300020187-27.fna|Ga0206130_10004028,18328,18432,3
GVMAG-M-3300020187-27.fna|Ga0206130_10004368,4924,8895,3
GVMAG-M-3300020187-27.fna|Ga0206130_10004785,16336,16476,3
GVMAG-M-3300020187-27.fna|Ga0206130_10007180,1586,2860,3
GVMAG-M-3300020187-27.fna|Ga0206130_10001407,31202,32353,2.942983598
GVMAG-M-3300020187-27.fna|Ga0206130_10000469,4557,4964,2.807354922
GVMAG-M-3300020187-27.fna|Ga0206130_10000469,39226,40899,2.807354922
GVMAG-M-3300020187-27.fna|Ga0206130_10000469,66150,66692,2.807354922
GVMAG-M-3300020187-27.fna|Ga0206130_10000624,41188,41706,2.807354922
GVMAG-M-3300020187-27.fna|Ga0206130_10000624,53565,54617,2.807354922
GVMAG-M-3300020187-27.fna|Ga0206130_10000580,22504,22869,2.807354922
GVMAG-M-3300020187-27.fna|Ga0206130_10000580,26609,27202,2.807354922
GVMAG-M-3300020187-27.fna|Ga0206130_10001960,21580,22044,2.807354922
GVMAG-M-3300020187-27.fna|Ga0206130_10001263,13313,13465,2.807354922
GVMAG-M-3300020187-27.fna|Ga0206130_10001854,2,1075,2.807354922
GVMAG-M-3300020187-27.fna|Ga0206130_10001854,21826,22776,2.807354922
GVMAG-M-3300020187-27.fna|Ga0206130_10001484,5499,5885,2.807354922
GVMAG-M-3300020187-27.fna|Ga0206130_10003928,851,1459,2.807354922
GVMAG-M-3300020187-27.fna|Ga0206130_10003928,2961,3191,2.807354922
GVMAG-M-3300020187-27.fna|Ga0206130_10001698,15721,16329,2.807354922
GVMAG-M-3300020187-27.fna|Ga0206130_10001698,16592,17095,2.807354922
GVMAG-M-3300020187-27.fna|Ga0206130_10001698,18990,19673,2.807354922
GVMAG-M-3300020187-27.fna|Ga0206130_10002696,12423,12926,2.807354922
GVMAG-M-3300020187-27.fna|Ga0206130_10003642,13279,14160,2.807354922
GVMAG-M-3300020187-27.fna|Ga0206130_10000469,38426,39202,2.584962501
GVMAG-M-3300020187-27.fna|Ga0206130_10000469,56062,56691,2.584962501
GVMAG-M-3300020187-27.fna|Ga0206130_10000624,11647,12078,2.584962501
GVMAG-M-3300020187-27.fna|Ga0206130_10000624,20194,21708,2.584962501
GVMAG-M-3300020187-27.fna|Ga0206130_10000624,29037,29645,2.584962501
GVMAG-M-3300020187-27.fna|Ga0206130_10000580,12067,14118,2.584962501
GVMAG-M-3300020187-27.fna|Ga0206130_10000580,14201,14326,2.584962501
GVMAG-M-3300020187-27.fna|Ga0206130_10000580,38887,39264,2.584962501
GVMAG-M-3300020187-27.fna|Ga0206130_10000580,44902,45240,2.584962501
GVMAG-M-3300020187-27.fna|Ga0206130_10001625,1372,1827,2.584962501
GVMAG-M-3300020187-27.fna|Ga0206130_10001625,6909,7172,2.584962501
GVMAG-M-3300020187-27.fna|Ga0206130_10001625,14977,17046,2.584962501
GVMAG-M-3300020187-27.fna|Ga0206130_10001854,27786,28628,2.584962501
GVMAG-M-3300020187-27.fna|Ga0206130_10001211,2243,2935,2.584962501
GVMAG-M-3300020187-27.fna|Ga0206130_10002628,3938,4894,2.584962501
GVMAG-M-3300020187-27.fna|Ga0206130_10002082,4844,5206,2.584962501
GVMAG-M-3300020187-27.fna|Ga0206130_10002082,6757,9168,2.584962501
GVMAG-M-3300020187-27.fna|Ga0206130_10002082,11568,12581,2.584962501
GVMAG-M-3300020187-27.fna|Ga0206130_10002082,17312,17656,2.584962501
GVMAG-M-3300020187-27.fna|Ga0206130_10002082,25794,26132,2.584962501
GVMAG-M-3300020187-27.fna|Ga0206130_10001484,9153,10430,2.584962501
GVMAG-M-3300020187-27.fna|Ga0206130_10003928,18166,18837,2.584962501
GVMAG-M-3300020187-27.fna|Ga0206130_10005530,53,682,2.584962501
GVMAG-M-3300020187-27.fna|Ga0206130_10004785,912,1406,2.584962501
GVMAG-M-3300020187-27.fna|Ga0206130_10005644,539,2602,2.584962501
GVMAG-M-3300020187-27.fna|Ga0206130_10000624,21723,22340,2.321928095
GVMAG-M-3300020187-27.fna|Ga0206130_10000624,51478,52728,2.321928095
GVMAG-M-3300020187-27.fna|Ga0206130_10000580,4184,5863,2.321928095
GVMAG-M-3300020187-27.fna|Ga0206130_10000580,10869,11957,2.321928095
GVMAG-M-3300020187-27.fna|Ga0206130_10000580,21872,22468,2.321928095
GVMAG-M-3300020187-27.fna|Ga0206130_10000580,39924,40832,2.321928095
GVMAG-M-3300020187-27.fna|Ga0206130_10000700,27287,27880,2.321928095
GVMAG-M-3300020187-27.fna|Ga0206130_10000700,49468,49911,2.321928095
GVMAG-M-3300020187-27.fna|Ga0206130_10000700,50605,51537,2.321928095
GVMAG-M-3300020187-27.fna|Ga0206130_10000700,51876,52187,2.321928095
GVMAG-M-3300020187-27.fna|Ga0206130_10001625,638,1003,2.321928095
GVMAG-M-3300020187-27.fna|Ga0206130_10001407,6040,6216,2.321928095
GVMAG-M-3300020187-27.fna|Ga0206130_10001407,23875,24315,2.321928095
GVMAG-M-3300020187-27.fna|Ga0206130_10001407,27471,28334,2.321928095
GVMAG-M-3300020187-27.fna|Ga0206130_10001407,34504,35277,2.321928095
GVMAG-M-3300020187-27.fna|Ga0206130_10001263,7297,9813,2.321928095
GVMAG-M-3300020187-27.fna|Ga0206130_10001854,5643,9227,2.321928095
GVMAG-M-3300020187-27.fna|Ga0206130_10001854,27385,27711,2.321928095
GVMAG-M-3300020187-27.fna|Ga0206130_10001496,85,735,2.321928095
GVMAG-M-3300020187-27.fna|Ga0206130_10001484,7657,8781,2.321928095
GVMAG-M-3300020187-27.fna|Ga0206130_10001698,19713,21026,2.321928095
GVMAG-M-3300020187-27.fna|Ga0206130_10001698,23069,23506,2.321928095
GVMAG-M-3300020187-27.fna|Ga0206130_10002314,18578,18739,2.321928095
GVMAG-M-3300020187-27.fna|Ga0206130_10005530,13073,14674,2.321928095
GVMAG-M-3300020187-27.fna|Ga0206130_10004785,2208,2675,2.321928095
GVMAG-M-3300020187-27.fna|Ga0206130_10002696,22091,23101,2.195347598
GVMAG-M-3300020187-27.fna|Ga0206130_10000469,7293,7451,2
GVMAG-M-3300020187-27.fna|Ga0206130_10000469,24275,24592,2
GVMAG-M-3300020187-27.fna|Ga0206130_10000469,25001,25747,2
GVMAG-M-3300020187-27.fna|Ga0206130_10000469,59679,60089,2
GVMAG-M-3300020187-27.fna|Ga0206130_10000624,8463,9257,2
GVMAG-M-3300020187-27.fna|Ga0206130_10000624,28453,28881,2
GVMAG-M-3300020187-27.fna|Ga0206130_10000624,35497,36000,2
GVMAG-M-3300020187-27.fna|Ga0206130_10000580,45296,46327,2
GVMAG-M-3300020187-27.fna|Ga0206130_10000700,17412,18473,2
GVMAG-M-3300020187-27.fna|Ga0206130_10001625,18068,18307,2
GVMAG-M-3300020187-27.fna|Ga0206130_10001960,6172,6504,2
GVMAG-M-3300020187-27.fna|Ga0206130_10001854,1056,1406,2
GVMAG-M-3300020187-27.fna|Ga0206130_10001854,10584,11642,2
GVMAG-M-3300020187-27.fna|Ga0206130_10001211,35489,36067,2
GVMAG-M-3300020187-27.fna|Ga0206130_10002628,2905,3408,2
GVMAG-M-3300020187-27.fna|Ga0206130_10001496,2319,2795,2
GVMAG-M-3300020187-27.fna|Ga0206130_10001496,14319,15686,2
GVMAG-M-3300020187-27.fna|Ga0206130_10001496,20017,20868,2
GVMAG-M-3300020187-27.fna|Ga0206130_10003928,3392,4141,2
GVMAG-M-3300020187-27.fna|Ga0206130_10003928,4138,4422,2
GVMAG-M-3300020187-27.fna|Ga0206130_10003928,9698,11533,2
GVMAG-M-3300020187-27.fna|Ga0206130_10001698,7463,10210,2
GVMAG-M-3300020187-27.fna|Ga0206130_10004028,1,405,2
GVMAG-M-3300020187-27.fna|Ga0206130_10004028,12094,12498,2
GVMAG-M-3300020187-27.fna|Ga0206130_10002696,11505,12362,2
GVMAG-M-3300020187-27.fna|Ga0206130_10003642,14391,15428,2
GVMAG-M-3300020187-27.fna|Ga0206130_10003928,7074,8054,1.765534746
GVMAG-M-3300020187-27.fna|Ga0206130_10000469,14821,15255,1.584962501
GVMAG-M-3300020187-27.fna|Ga0206130_10000469,18835,19533,1.584962501
GVMAG-M-3300020187-27.fna|Ga0206130_10000469,21037,21489,1.584962501
GVMAG-M-3300020187-27.fna|Ga0206130_10000469,37076,37255,1.584962501
GVMAG-M-3300020187-27.fna|Ga0206130_10000469,67610,68005,1.584962501
GVMAG-M-3300020187-27.fna|Ga0206130_10000624,14118,14765,1.584962501
GVMAG-M-3300020187-27.fna|Ga0206130_10000624,39215,39481,1.584962501
GVMAG-M-3300020187-27.fna|Ga0206130_10000580,6539,7189,1.584962501
GVMAG-M-3300020187-27.fna|Ga0206130_10000580,25740,26612,1.584962501
GVMAG-M-3300020187-27.fna|Ga0206130_10000580,52908,55667,1.584962501
GVMAG-M-3300020187-27.fna|Ga0206130_10000700,2,91,1.584962501
GVMAG-M-3300020187-27.fna|Ga0206130_10000700,13028,13726,1.584962501
GVMAG-M-3300020187-27.fna|Ga0206130_10000700,52245,53357,1.584962501
GVMAG-M-3300020187-27.fna|Ga0206130_10001625,2138,4336,1.584962501
GVMAG-M-3300020187-27.fna|Ga0206130_10001263,1360,2253,1.584962501
GVMAG-M-3300020187-27.fna|Ga0206130_10001599,22701,23657,1.584962501
GVMAG-M-3300020187-27.fna|Ga0206130_10001854,3392,4234,1.584962501
GVMAG-M-3300020187-27.fna|Ga0206130_10001211,8540,9196,1.584962501
GVMAG-M-3300020187-27.fna|Ga0206130_10001211,16544,17803,1.584962501
GVMAG-M-3300020187-27.fna|Ga0206130_10001211,34486,35061,1.584962501
GVMAG-M-3300020187-27.fna|Ga0206130_10002628,1063,1479,1.584962501
GVMAG-M-3300020187-27.fna|Ga0206130_10002628,2576,2911,1.584962501
GVMAG-M-3300020187-27.fna|Ga0206130_10002628,8015,8170,1.584962501
GVMAG-M-3300020187-27.fna|Ga0206130_10002082,972,1316,1.584962501
GVMAG-M-3300020187-27.fna|Ga0206130_10001496,25971,28130,1.584962501
GVMAG-M-3300020187-27.fna|Ga0206130_10001484,10542,10898,1.584962501
GVMAG-M-3300020187-27.fna|Ga0206130_10001190,37421,39007,1.584962501
GVMAG-M-3300020187-27.fna|Ga0206130_10003928,13102,13419,1.584962501
GVMAG-M-3300020187-27.fna|Ga0206130_10004028,17046,17849,1.584962501
GVMAG-M-3300020187-27.fna|Ga0206130_10004368,13134,14309,1.584962501
GVMAG-M-3300020187-27.fna|Ga0206130_10005530,12828,13076,1.584962501
GVMAG-M-3300020187-27.fna|Ga0206130_10007180,83,1471,1.584962501
GVMAG-M-3300020187-27.fna|Ga0206130_10007180,5337,6278,1.584962501
GVMAG-M-3300020187-27.fna|Ga0206130_10007180,12206,12433,1.584962501
GVMAG-M-3300020187-27.fna|Ga0206130_10001698,24987,25934,1.007195501
GVMAG-M-3300020187-27.fna|Ga0206130_10000469,13351,13914,1
GVMAG-M-3300020187-27.fna|Ga0206130_10000469,22894,23970,1
GVMAG-M-3300020187-27.fna|Ga0206130_10000469,43360,43785,1
GVMAG-M-3300020187-27.fna|Ga0206130_10000469,43839,44126,1
GVMAG-M-3300020187-27.fna|Ga0206130_10000469,68082,68174,1
GVMAG-M-3300020187-27.fna|Ga0206130_10000624,11362,11619,1
GVMAG-M-3300020187-27.fna|Ga0206130_10000624,16643,18067,1
GVMAG-M-3300020187-27.fna|Ga0206130_10000624,43924,44220,1
GVMAG-M-3300020187-27.fna|Ga0206130_10000580,19884,20120,1
GVMAG-M-3300020187-27.fna|Ga0206130_10000580,22899,23099,1
GVMAG-M-3300020187-27.fna|Ga0206130_10001407,7217,9559,1
GVMAG-M-3300020187-27.fna|Ga0206130_10001407,10541,11743,1
GVMAG-M-3300020187-27.fna|Ga0206130_10001960,4908,5195,1
GVMAG-M-3300020187-27.fna|Ga0206130_10001960,6601,6825,1
GVMAG-M-3300020187-27.fna|Ga0206130_10001960,19506,20156,1
GVMAG-M-3300020187-27.fna|Ga0206130_10001960,25035,25229,1
GVMAG-M-3300020187-27.fna|Ga0206130_10001263,26493,26663,1
GVMAG-M-3300020187-27.fna|Ga0206130_10001854,10326,10580,1
GVMAG-M-3300020187-27.fna|Ga0206130_10001211,3478,5205,1
GVMAG-M-3300020187-27.fna|Ga0206130_10001211,5401,6840,1
GVMAG-M-3300020187-27.fna|Ga0206130_10001211,9964,10701,1
GVMAG-M-3300020187-27.fna|Ga0206130_10002628,8597,9790,1
GVMAG-M-3300020187-27.fna|Ga0206130_10002628,22870,24675,1
GVMAG-M-3300020187-27.fna|Ga0206130_10002082,15084,16106,1
GVMAG-M-3300020187-27.fna|Ga0206130_10001496,21177,21746,1
GVMAG-M-3300020187-27.fna|Ga0206130_10001496,29848,30996,1
GVMAG-M-3300020187-27.fna|Ga0206130_10001484,1,138,1
GVMAG-M-3300020187-27.fna|Ga0206130_10001484,24100,24780,1
GVMAG-M-3300020187-27.fna|Ga0206130_10001190,15339,16706,1
GVMAG-M-3300020187-27.fna|Ga0206130_10001698,108,1460,1
GVMAG-M-3300020187-27.fna|Ga0206130_10004028,4903,5319,1
GVMAG-M-3300020187-27.fna|Ga0206130_10004368,3993,4916,1
GVMAG-M-3300020187-27.fna|Ga0206130_10004368,9069,9326,1
GVMAG-M-3300020187-27.fna|Ga0206130_10004368,14306,14584,1
GVMAG-M-3300020187-27.fna|Ga0206130_10004368,15412,16191,1
GVMAG-M-3300020187-27.fna|Ga0206130_10002314,20329,21333,1
GVMAG-M-3300020187-27.fna|Ga0206130_10005530,1643,1939,1
GVMAG-M-3300020187-27.fna|Ga0206130_10005530,6919,7365,1
GVMAG-M-3300020187-27.fna|Ga0206130_10005530,7416,7919,1
GVMAG-M-3300020187-27.fna|Ga0206130_10002696,23092,24294,1
GVMAG-M-3300020187-27.fna|Ga0206130_10004785,662,910,1
GVMAG-M-3300020187-27.fna|Ga0206130_10004785,14788,15219,1
GVMAG-M-3300020187-27.fna|Ga0206130_10005644,14411,14734,1
GVMAG-M-3300020187-27.fna|Ga0206130_10003642,10204,10971,1
GVMAG-M-3300020187-27.fna|Ga0206130_10003642,12974,13195,1
GVMAG-M-3300020187-27.fna|Ga0206130_10003642,17585,19789,1
GVMAG-M-3300020187-27.fna|Ga0206130_10000469,3,1544,0
GVMAG-M-3300020187-27.fna|Ga0206130_10000469,15393,15548,0
GVMAG-M-3300020187-27.fna|Ga0206130_10000469,19585,19881,0
GVMAG-M-3300020187-27.fna|Ga0206130_10000469,21550,22809,0
GVMAG-M-3300020187-27.fna|Ga0206130_10000469,23975,24217,0
GVMAG-M-3300020187-27.fna|Ga0206130_10000469,24582,24923,0
GVMAG-M-3300020187-27.fna|Ga0206130_10000469,25737,26168,0
GVMAG-M-3300020187-27.fna|Ga0206130_10000469,27414,28175,0
GVMAG-M-3300020187-27.fna|Ga0206130_10000469,28365,28877,0
GVMAG-M-3300020187-27.fna|Ga0206130_10000469,28904,29230,0
GVMAG-M-3300020187-27.fna|Ga0206130_10000469,36788,37033,0
GVMAG-M-3300020187-27.fna|Ga0206130_10000469,37306,37692,0
GVMAG-M-3300020187-27.fna|Ga0206130_10000469,46039,47334,0
GVMAG-M-3300020187-27.fna|Ga0206130_10000469,59427,59564,0
GVMAG-M-3300020187-27.fna|Ga0206130_10000624,2117,2251,0
GVMAG-M-3300020187-27.fna|Ga0206130_10000624,13417,14085,0
GVMAG-M-3300020187-27.fna|Ga0206130_10000624,14805,15500,0
GVMAG-M-3300020187-27.fna|Ga0206130_10000624,15487,15984,0
GVMAG-M-3300020187-27.fna|Ga0206130_10000624,16067,16507,0
GVMAG-M-3300020187-27.fna|Ga0206130_10000624,25366,26076,0
GVMAG-M-3300020187-27.fna|Ga0206130_10000624,27295,27591,0
GVMAG-M-3300020187-27.fna|Ga0206130_10000624,27647,28390,0
GVMAG-M-3300020187-27.fna|Ga0206130_10000624,37361,38149,0
GVMAG-M-3300020187-27.fna|Ga0206130_10000624,40972,41175,0
GVMAG-M-3300020187-27.fna|Ga0206130_10000624,47232,47624,0
GVMAG-M-3300020187-27.fna|Ga0206130_10000624,49812,50612,0
GVMAG-M-3300020187-27.fna|Ga0206130_10000624,50963,51367,0
GVMAG-M-3300020187-27.fna|Ga0206130_10000580,153,653,0
GVMAG-M-3300020187-27.fna|Ga0206130_10000580,717,1151,0
GVMAG-M-3300020187-27.fna|Ga0206130_10000580,1209,2675,0
GVMAG-M-3300020187-27.fna|Ga0206130_10000580,3881,4096,0
GVMAG-M-3300020187-27.fna|Ga0206130_10000580,5853,6479,0
GVMAG-M-3300020187-27.fna|Ga0206130_10000580,23137,23421,0
GVMAG-M-3300020187-27.fna|Ga0206130_10000580,38416,38868,0
GVMAG-M-3300020187-27.fna|Ga0206130_10000580,48187,48438,0
GVMAG-M-3300020187-27.fna|Ga0206130_10000580,48632,48856,0
GVMAG-M-3300020187-27.fna|Ga0206130_10000580,50583,52727,0
GVMAG-M-3300020187-27.fna|Ga0206130_10000580,55783,56094,0
GVMAG-M-3300020187-27.fna|Ga0206130_10000580,60588,60719,0
GVMAG-M-3300020187-27.fna|Ga0206130_10000700,3939,4106,0
GVMAG-M-3300020187-27.fna|Ga0206130_10000700,6198,6344,0
GVMAG-M-3300020187-27.fna|Ga0206130_10000700,12831,12992,0
GVMAG-M-3300020187-27.fna|Ga0206130_10000700,14981,15505,0
GVMAG-M-3300020187-27.fna|Ga0206130_10000700,19733,20077,0
GVMAG-M-3300020187-27.fna|Ga0206130_10000700,21337,21636,0
GVMAG-M-3300020187-27.fna|Ga0206130_10000700,23524,23760,0
GVMAG-M-3300020187-27.fna|Ga0206130_10000700,23772,23906,0
GVMAG-M-3300020187-27.fna|Ga0206130_10000700,47365,47943,0
GVMAG-M-3300020187-27.fna|Ga0206130_10000700,47940,48362,0
GVMAG-M-3300020187-27.fna|Ga0206130_10000700,48497,49405,0
GVMAG-M-3300020187-27.fna|Ga0206130_10000855,1,63,0
GVMAG-M-3300020187-27.fna|Ga0206130_10000855,106,1272,0
GVMAG-M-3300020187-27.fna|Ga0206130_10000855,1309,10083,0
GVMAG-M-3300020187-27.fna|Ga0206130_10000855,10156,10701,0
GVMAG-M-3300020187-27.fna|Ga0206130_10000855,10724,11275,0
GVMAG-M-3300020187-27.fna|Ga0206130_10000855,11297,12430,0
GVMAG-M-3300020187-27.fna|Ga0206130_10000855,12519,16175,0
GVMAG-M-3300020187-27.fna|Ga0206130_10000855,16269,16967,0
GVMAG-M-3300020187-27.fna|Ga0206130_10000855,17013,17714,0
GVMAG-M-3300020187-27.fna|Ga0206130_10000855,17749,18795,0
GVMAG-M-3300020187-27.fna|Ga0206130_10000855,18867,19172,0
GVMAG-M-3300020187-27.fna|Ga0206130_10000855,19222,20658,0
GVMAG-M-3300020187-27.fna|Ga0206130_10000855,20733,23084,0
GVMAG-M-3300020187-27.fna|Ga0206130_10000855,23140,23562,0
GVMAG-M-3300020187-27.fna|Ga0206130_10000855,23740,24057,0
GVMAG-M-3300020187-27.fna|Ga0206130_10000855,24087,24785,0
GVMAG-M-3300020187-27.fna|Ga0206130_10000855,24854,25375,0
GVMAG-M-3300020187-27.fna|Ga0206130_10000855,25372,27156,0
GVMAG-M-3300020187-27.fna|Ga0206130_10000855,27223,27723,0
GVMAG-M-3300020187-27.fna|Ga0206130_10000855,27826,31173,0
GVMAG-M-3300020187-27.fna|Ga0206130_10000855,31209,31913,0
GVMAG-M-3300020187-27.fna|Ga0206130_10000855,31962,32441,0
GVMAG-M-3300020187-27.fna|Ga0206130_10000855,32485,33663,0
GVMAG-M-3300020187-27.fna|Ga0206130_10000855,33729,34181,0
GVMAG-M-3300020187-27.fna|Ga0206130_10000855,34183,34974,0
GVMAG-M-3300020187-27.fna|Ga0206130_10000855,35540,35881,0
GVMAG-M-3300020187-27.fna|Ga0206130_10000855,35892,36617,0
GVMAG-M-3300020187-27.fna|Ga0206130_10000855,36677,36964,0
GVMAG-M-3300020187-27.fna|Ga0206130_10000855,36987,37481,0
GVMAG-M-3300020187-27.fna|Ga0206130_10000855,37561,37872,0
GVMAG-M-3300020187-27.fna|Ga0206130_10000855,37948,38808,0
GVMAG-M-3300020187-27.fna|Ga0206130_10000855,38853,39131,0
GVMAG-M-3300020187-27.fna|Ga0206130_10000855,39132,40628,0
GVMAG-M-3300020187-27.fna|Ga0206130_10000855,40744,42186,0
GVMAG-M-3300020187-27.fna|Ga0206130_10000855,42228,43634,0
GVMAG-M-3300020187-27.fna|Ga0206130_10000855,43684,44592,0
GVMAG-M-3300020187-27.fna|Ga0206130_10000855,44601,45194,0
GVMAG-M-3300020187-27.fna|Ga0206130_10000855,45234,45848,0
GVMAG-M-3300020187-27.fna|Ga0206130_10000855,45961,46812,0
GVMAG-M-3300020187-27.fna|Ga0206130_10000855,46867,47613,0
GVMAG-M-3300020187-27.fna|Ga0206130_10001625,6743,6898,0
GVMAG-M-3300020187-27.fna|Ga0206130_10001625,10830,11516,0
GVMAG-M-3300020187-27.fna|Ga0206130_10001625,17064,17882,0
GVMAG-M-3300020187-27.fna|Ga0206130_10001625,30822,31268,0
GVMAG-M-3300020187-27.fna|Ga0206130_10001407,3280,3741,0
GVMAG-M-3300020187-27.fna|Ga0206130_10001407,13288,13464,0
GVMAG-M-3300020187-27.fna|Ga0206130_10001407,18376,19086,0
GVMAG-M-3300020187-27.fna|Ga0206130_10001407,19124,19546,0
GVMAG-M-3300020187-27.fna|Ga0206130_10001407,30405,31205,0
GVMAG-M-3300020187-27.fna|Ga0206130_10001407,32949,33515,0
GVMAG-M-3300020187-27.fna|Ga0206130_10001407,33785,34474,0
GVMAG-M-3300020187-27.fna|Ga0206130_10001960,3813,4091,0
GVMAG-M-3300020187-27.fna|Ga0206130_10001960,5230,5955,0
GVMAG-M-3300020187-27.fna|Ga0206130_10001960,11361,11753,0
GVMAG-M-3300020187-27.fna|Ga0206130_10001960,13319,13861,0
GVMAG-M-3300020187-27.fna|Ga0206130_10001960,19043,19459,0
GVMAG-M-3300020187-27.fna|Ga0206130_10001960,25280,25753,0
GVMAG-M-3300020187-27.fna|Ga0206130_10001960,29042,29431,0
GVMAG-M-3300020187-27.fna|Ga0206130_10001263,2,163,0
GVMAG-M-3300020187-27.fna|Ga0206130_10001263,2459,3760,0
GVMAG-M-3300020187-27.fna|Ga0206130_10001263,3763,3999,0
GVMAG-M-3300020187-27.fna|Ga0206130_10001263,4122,7223,0
GVMAG-M-3300020187-27.fna|Ga0206130_10001263,9871,12495,0
GVMAG-M-3300020187-27.fna|Ga0206130_10001263,12567,12905,0
GVMAG-M-3300020187-27.fna|Ga0206130_10001263,17828,18613,0
GVMAG-M-3300020187-27.fna|Ga0206130_10001263,26192,26419,0
GVMAG-M-3300020187-27.fna|Ga0206130_10001263,26712,27371,0
GVMAG-M-3300020187-27.fna|Ga0206130_10001263,33307,33570,0
GVMAG-M-3300020187-27.fna|Ga0206130_10001263,34741,35589,0
GVMAG-M-3300020187-27.fna|Ga0206130_10001263,37375,37494,0
GVMAG-M-3300020187-27.fna|Ga0206130_10001263,37526,37678,0
GVMAG-M-3300020187-27.fna|Ga0206130_10001599,1,1455,0
GVMAG-M-3300020187-27.fna|Ga0206130_10001599,1573,1902,0
GVMAG-M-3300020187-27.fna|Ga0206130_10001599,2024,2521,0
GVMAG-M-3300020187-27.fna|Ga0206130_10001599,2533,2733,0
GVMAG-M-3300020187-27.fna|Ga0206130_10001599,2793,3788,0
GVMAG-M-3300020187-27.fna|Ga0206130_10001599,3852,4532,0
GVMAG-M-3300020187-27.fna|Ga0206130_10001599,4592,5374,0
GVMAG-M-3300020187-27.fna|Ga0206130_10001599,5379,5579,0
GVMAG-M-3300020187-27.fna|Ga0206130_10001599,5634,9074,0
GVMAG-M-3300020187-27.fna|Ga0206130_10001599,9127,9345,0
GVMAG-M-3300020187-27.fna|Ga0206130_10001599,9531,10352,0
GVMAG-M-3300020187-27.fna|Ga0206130_10001599,10413,10676,0
GVMAG-M-3300020187-27.fna|Ga0206130_10001599,10669,11619,0
GVMAG-M-3300020187-27.fna|Ga0206130_10001599,11600,12166,0
GVMAG-M-3300020187-27.fna|Ga0206130_10001599,12179,12625,0
GVMAG-M-3300020187-27.fna|Ga0206130_10001599,12682,14397,0
GVMAG-M-3300020187-27.fna|Ga0206130_10001599,14443,15072,0
GVMAG-M-3300020187-27.fna|Ga0206130_10001599,15069,15965,0
GVMAG-M-3300020187-27.fna|Ga0206130_10001599,15993,18029,0
GVMAG-M-3300020187-27.fna|Ga0206130_10001599,18251,18676,0
GVMAG-M-3300020187-27.fna|Ga0206130_10001599,18723,19349,0
GVMAG-M-3300020187-27.fna|Ga0206130_10001599,19386,20120,0
GVMAG-M-3300020187-27.fna|Ga0206130_10001599,20177,21094,0
GVMAG-M-3300020187-27.fna|Ga0206130_10001599,21124,21690,0
GVMAG-M-3300020187-27.fna|Ga0206130_10001599,21751,22638,0
GVMAG-M-3300020187-27.fna|Ga0206130_10001599,23694,24032,0
GVMAG-M-3300020187-27.fna|Ga0206130_10001599,24029,24718,0
GVMAG-M-3300020187-27.fna|Ga0206130_10001599,24739,24924,0
GVMAG-M-3300020187-27.fna|Ga0206130_10001599,24977,25288,0
GVMAG-M-3300020187-27.fna|Ga0206130_10001599,25366,28779,0
GVMAG-M-3300020187-27.fna|Ga0206130_10001599,29027,30736,0
GVMAG-M-3300020187-27.fna|Ga0206130_10001599,31004,31351,0
GVMAG-M-3300020187-27.fna|Ga0206130_10001599,31437,31739,0
GVMAG-M-3300020187-27.fna|Ga0206130_10001599,31786,32583,0
GVMAG-M-3300020187-27.fna|Ga0206130_10001854,3136,3366,0
GVMAG-M-3300020187-27.fna|Ga0206130_10001854,9267,9896,0
GVMAG-M-3300020187-27.fna|Ga0206130_10001854,10019,10249,0
GVMAG-M-3300020187-27.fna|Ga0206130_10001854,12832,13071,0
GVMAG-M-3300020187-27.fna|Ga0206130_10001854,21640,21822,0
GVMAG-M-3300020187-27.fna|Ga0206130_10001854,30207,30380,0
GVMAG-M-3300020187-27.fna|Ga0206130_10001211,2959,3408,0
GVMAG-M-3300020187-27.fna|Ga0206130_10001211,6925,8034,0
GVMAG-M-3300020187-27.fna|Ga0206130_10001211,8070,8384,0
GVMAG-M-3300020187-27.fna|Ga0206130_10001211,10822,11661,0
GVMAG-M-3300020187-27.fna|Ga0206130_10001211,15879,16274,0
GVMAG-M-3300020187-27.fna|Ga0206130_10001211,16331,16501,0
GVMAG-M-3300020187-27.fna|Ga0206130_10001211,20106,21401,0
GVMAG-M-3300020187-27.fna|Ga0206130_10001211,21427,21528,0
GVMAG-M-3300020187-27.fna|Ga0206130_10001211,35159,35488,0
GVMAG-M-3300020187-27.fna|Ga0206130_10002476,80,1453,0
GVMAG-M-3300020187-27.fna|Ga0206130_10002476,1455,1805,0
GVMAG-M-3300020187-27.fna|Ga0206130_10002476,1874,2749,0
GVMAG-M-3300020187-27.fna|Ga0206130_10002476,2815,3276,0
GVMAG-M-3300020187-27.fna|Ga0206130_10002476,3293,4651,0
GVMAG-M-3300020187-27.fna|Ga0206130_10002476,4840,5124,0
GVMAG-M-3300020187-27.fna|Ga0206130_10002476,5185,6225,0
GVMAG-M-3300020187-27.fna|Ga0206130_10002476,6288,6608,0
GVMAG-M-3300020187-27.fna|Ga0206130_10002476,6603,7091,0
GVMAG-M-3300020187-27.fna|Ga0206130_10002476,7137,7469,0
GVMAG-M-3300020187-27.fna|Ga0206130_10002476,7530,8972,0
GVMAG-M-3300020187-27.fna|Ga0206130_10002476,9067,10455,0
GVMAG-M-3300020187-27.fna|Ga0206130_10002476,10486,10935,0
GVMAG-M-3300020187-27.fna|Ga0206130_10002476,11021,11446,0
GVMAG-M-3300020187-27.fna|Ga0206130_10002476,11526,12746,0
GVMAG-M-3300020187-27.fna|Ga0206130_10002476,12753,14174,0
GVMAG-M-3300020187-27.fna|Ga0206130_10002476,14196,14672,0
GVMAG-M-3300020187-27.fna|Ga0206130_10002476,14746,14871,0
GVMAG-M-3300020187-27.fna|Ga0206130_10002476,15197,15790,0
GVMAG-M-3300020187-27.fna|Ga0206130_10002476,15856,16038,0
GVMAG-M-3300020187-27.fna|Ga0206130_10002476,16107,19070,0
GVMAG-M-3300020187-27.fna|Ga0206130_10002476,19316,19951,0
GVMAG-M-3300020187-27.fna|Ga0206130_10002476,19973,20401,0
GVMAG-M-3300020187-27.fna|Ga0206130_10002476,20456,21277,0
GVMAG-M-3300020187-27.fna|Ga0206130_10002476,21348,21866,0
GVMAG-M-3300020187-27.fna|Ga0206130_10002476,21889,22065,0
GVMAG-M-3300020187-27.fna|Ga0206130_10002476,22128,22328,0
GVMAG-M-3300020187-27.fna|Ga0206130_10002476,22404,22919,0
GVMAG-M-3300020187-27.fna|Ga0206130_10002476,22999,24270,0
GVMAG-M-3300020187-27.fna|Ga0206130_10002476,24510,25439,0
GVMAG-M-3300020187-27.fna|Ga0206130_10002476,25503,25604,0
GVMAG-M-3300020187-27.fna|Ga0206130_10002628,1,1095,0
GVMAG-M-3300020187-27.fna|Ga0206130_10002628,1499,1774,0
GVMAG-M-3300020187-27.fna|Ga0206130_10002628,1784,2119,0
GVMAG-M-3300020187-27.fna|Ga0206130_10002628,2159,2506,0
GVMAG-M-3300020187-27.fna|Ga0206130_10002628,6974,7258,0
GVMAG-M-3300020187-27.fna|Ga0206130_10002628,8350,8568,0
GVMAG-M-3300020187-27.fna|Ga0206130_10002628,17195,18016,0
GVMAG-M-3300020187-27.fna|Ga0206130_10002628,18080,19054,0
GVMAG-M-3300020187-27.fna|Ga0206130_10002628,20266,20976,0
GVMAG-M-3300020187-27.fna|Ga0206130_10002082,1,114,0
GVMAG-M-3300020187-27.fna|Ga0206130_10002082,101,685,0
GVMAG-M-3300020187-27.fna|Ga0206130_10002082,2952,3647,0
GVMAG-M-3300020187-27.fna|Ga0206130_10002082,12636,13046,0
GVMAG-M-3300020187-27.fna|Ga0206130_10002082,16140,16496,0
GVMAG-M-3300020187-27.fna|Ga0206130_10001496,1356,1799,0
GVMAG-M-3300020187-27.fna|Ga0206130_10001496,20907,21170,0
GVMAG-M-3300020187-27.fna|Ga0206130_10001496,22117,22326,0
GVMAG-M-3300020187-27.fna|Ga0206130_10001496,25655,25891,0
GVMAG-M-3300020187-27.fna|Ga0206130_10001496,28174,28683,0
GVMAG-M-3300020187-27.fna|Ga0206130_10001496,28726,29754,0
GVMAG-M-3300020187-27.fna|Ga0206130_10001484,2775,2975,0
GVMAG-M-3300020187-27.fna|Ga0206130_10001484,5888,6076,0
GVMAG-M-3300020187-27.fna|Ga0206130_10001484,7413,7643,0
GVMAG-M-3300020187-27.fna|Ga0206130_10001484,25548,25982,0
GVMAG-M-3300020187-27.fna|Ga0206130_10001484,26061,26756,0
GVMAG-M-3300020187-27.fna|Ga0206130_10001484,26881,29841,0
GVMAG-M-3300020187-27.fna|Ga0206130_10001484,29875,30675,0
GVMAG-M-3300020187-27.fna|Ga0206130_10001190,60,215,0
GVMAG-M-3300020187-27.fna|Ga0206130_10001190,341,1345,0
GVMAG-M-3300020187-27.fna|Ga0206130_10001190,4747,5898,0
GVMAG-M-3300020187-27.fna|Ga0206130_10001190,14063,14239,0
GVMAG-M-3300020187-27.fna|Ga0206130_10001190,14856,15269,0
GVMAG-M-3300020187-27.fna|Ga0206130_10001190,21954,22211,0
GVMAG-M-3300020187-27.fna|Ga0206130_10001190,22863,23735,0
GVMAG-M-3300020187-27.fna|Ga0206130_10003928,4542,5111,0
GVMAG-M-3300020187-27.fna|Ga0206130_10003928,6333,7079,0
GVMAG-M-3300020187-27.fna|Ga0206130_10003928,8405,8695,0
GVMAG-M-3300020187-27.fna|Ga0206130_10003928,11548,12207,0
GVMAG-M-3300020187-27.fna|Ga0206130_10001698,16369,16617,0
GVMAG-M-3300020187-27.fna|Ga0206130_10001698,25997,27277,0
GVMAG-M-3300020187-27.fna|Ga0206130_10004028,5785,6282,0
GVMAG-M-3300020187-27.fna|Ga0206130_10004028,8135,8407,0
GVMAG-M-3300020187-27.fna|Ga0206130_10004028,8487,9191,0
GVMAG-M-3300020187-27.fna|Ga0206130_10004028,11184,11300,0
GVMAG-M-3300020187-27.fna|Ga0206130_10004368,2,112,0
GVMAG-M-3300020187-27.fna|Ga0206130_10004368,109,807,0
GVMAG-M-3300020187-27.fna|Ga0206130_10004368,3726,3884,0
GVMAG-M-3300020187-27.fna|Ga0206130_10004368,10626,10751,0
GVMAG-M-3300020187-27.fna|Ga0206130_10004368,10797,10985,0
GVMAG-M-3300020187-27.fna|Ga0206130_10004368,11068,11484,0
GVMAG-M-3300020187-27.fna|Ga0206130_10002314,5227,5664,0
GVMAG-M-3300020187-27.fna|Ga0206130_10002314,21708,22919,0
GVMAG-M-3300020187-27.fna|Ga0206130_10005530,4792,4971,0
GVMAG-M-3300020187-27.fna|Ga0206130_10005530,6302,6610,0
GVMAG-M-3300020187-27.fna|Ga0206130_10005530,6620,6895,0
GVMAG-M-3300020187-27.fna|Ga0206130_10005530,14727,14885,0
GVMAG-M-3300020187-27.fna|Ga0206130_10008668,69,1448,0
GVMAG-M-3300020187-27.fna|Ga0206130_10008668,1519,2076,0
GVMAG-M-3300020187-27.fna|Ga0206130_10008668,2135,2524,0
GVMAG-M-3300020187-27.fna|Ga0206130_10008668,2622,3419,0
GVMAG-M-3300020187-27.fna|Ga0206130_10008668,3608,3901,0
GVMAG-M-3300020187-27.fna|Ga0206130_10008668,4052,4210,0
GVMAG-M-3300020187-27.fna|Ga0206130_10008668,4272,5051,0
GVMAG-M-3300020187-27.fna|Ga0206130_10008668,5146,6039,0
GVMAG-M-3300020187-27.fna|Ga0206130_10008668,6054,7061,0
GVMAG-M-3300020187-27.fna|Ga0206130_10008668,7105,7374,0
GVMAG-M-3300020187-27.fna|Ga0206130_10008668,7473,7670,0
GVMAG-M-3300020187-27.fna|Ga0206130_10008668,7774,8388,0
GVMAG-M-3300020187-27.fna|Ga0206130_10008668,8429,9535,0
GVMAG-M-3300020187-27.fna|Ga0206130_10008668,9582,9788,0
GVMAG-M-3300020187-27.fna|Ga0206130_10008668,9899,10558,0
GVMAG-M-3300020187-27.fna|Ga0206130_10008668,10674,10838,0
GVMAG-M-3300020187-27.fna|Ga0206130_10002696,2401,2571,0
GVMAG-M-3300020187-27.fna|Ga0206130_10002696,2614,3141,0
GVMAG-M-3300020187-27.fna|Ga0206130_10004785,15294,15875,0
GVMAG-M-3300020187-27.fna|Ga0206130_10004785,15991,16365,0
GVMAG-M-3300020187-27.fna|Ga0206130_10007180,6403,7233,0
GVMAG-M-3300020187-27.fna|Ga0206130_10007180,7334,7570,0
GVMAG-M-3300020187-27.fna|Ga0206130_10007180,11243,12145,0
GVMAG-M-3300020187-27.fna|Ga0206130_10005644,9813,10019,0
GVMAG-M-3300020187-27.fna|Ga0206130_10003642,11057,12718,0
GVMAG-M-3300020187-27.fna|Ga0206130_10003642,15763,16458,0
GVMAG-M-3300020187-27.fna|Ga0206130_10003642,17105,17473,0
GVMAG-M-3300020187-27.fna|Ga0206130_10006550,12668,13021,0
GVMAG-M-3300020187-27.fna|Ga0206130_10006550,13048,13221,0